"0","tamaramorrison@hotmail.com","pbkdf2:sha256:260000$KrkWEwLLUoZet9sA$e01758592865830f262b1418694ab61c5a54624e415babaa521e80744043b596","Gary","Cross","Williams-Sheppard"
"1","martha10@hotmail.com","pbkdf2:sha256:260000$X8Yys7c1WbmxPONR$317b12f55867cfbed2c501384cc97212294a6b10586c3f15107cda4d2d5b1fee","Denise","Thornton","Carlson Group"
"2","deborah64@gmail.com","pbkdf2:sha256:260000$rnMjZaiS9szbBiEG$eca0d0d77a64d9db011549ac8022e2bd0e040cd2db0f349ccd6560301e150979","Jeanne","Green","Robbins Group"
"3","franklinjames@yahoo.com","pbkdf2:sha256:260000$lyEpl71mSoY7NnN5$30f99bc48e5c92d174b471bf50087f9fa53f265bf8be20d818024ecbfe9b6246","John","Hoffman","Harmon-Rogers"
"4","samanthasims@yahoo.com","pbkdf2:sha256:260000$lUITxdx1ncRncOPH$a26a7f7e4d455ef6e7bc581955493c86ac1b31d1871d3a2686d9f86bc23ded7a","Timothy","Parker","Alvarez Group"
"5","taguilar@hotmail.com","pbkdf2:sha256:260000$wBBwuIJ9a4oznz0C$3e35fd6c5f3a36d9cd89cb35e94f7904a5b0931a21e5c5901f5086ef5e21dfef","Linda","Freeman","Morton and Sons"
"6","georgedavid@yahoo.com","pbkdf2:sha256:260000$kMPDSjvvQHAAYWS8$a817f554e2c16c7474f23a6c7ba5fa9e09d484d0202aa792c1da876b3d87c3a1","Sandra","Brown","Marsh PLC"
"7","chad50@yahoo.com","pbkdf2:sha256:260000$lWjXk1Zk3wd6TTQO$49f46a4263244bf2c09482c25768f983ce1ff75fd54b5a22e17b2336448243ab","Paula","Wilkerson","Reed, Reyes and Frank"
"8","jyang@hotmail.com","pbkdf2:sha256:260000$TbTVV1w5YDGKVakY$0ad057461aaa3718f0edd2d3b1de72e68ef030e64ddfdb03dc8e5286735046dd","Willie","Garcia","Greer and Sons"
"9","bramirez@gmail.com","pbkdf2:sha256:260000$Ih2DqKDYLdjmGGNW$7c6d309cd8d62cdafa76b0df001ee5e7f7dd68f026501cc7c4f19a87b2b61386","Michael","Montgomery","Gomez, Wright and Chen"
"10","kellypeter@gmail.com","pbkdf2:sha256:260000$KWiUxWj2NTb9PeaV$d696f76c3609c5b532d8a0296577d9d91213ef72ba6eefde5610ce8745236f26","Melissa","James","Scott PLC"
"11","tarasanders@gmail.com","pbkdf2:sha256:260000$8DpYZE4KUYyY08WU$c88593f05f175df03a816d20d80e32002063e04389892f39a506eb0693a4b988","Lisa","Bush","Mcdaniel Inc"
"12","virginia18@yahoo.com","pbkdf2:sha256:260000$5t8vvVaBEK1yevmD$08f15761e5c73ef2bdbee898cf89f5b26ea2d4624c588ffb93395be77ed2f8f0","Bruce","Miller","Franklin-Obrien"
"13","jensenanthony@hotmail.com","pbkdf2:sha256:260000$LCX9Tukl7NuC1Nue$ca3af4408ef3ddc7719ce5a8716a0abfd8f7d55ab78c6767f812d16be5ffa8f6","Mark","Burnett","Dawson Group"
"14","kmalone@gmail.com","pbkdf2:sha256:260000$uStglnHs7KZXkTOG$758bebdcba5cb13bd60bdf3cf2156c335fcfebf179608a5520bc1a226d5e542e","Courtney","Valdez","Parker-Benjamin"
"15","kingerin@hotmail.com","pbkdf2:sha256:260000$zLXhMmMi3esdCQhI$ea2c518497a2208faefc0497273c6b48844cca0c4c7dd2b329325ceaf9300cf6","Henry","Moss","Smith and Sons"
"16","meganbrady@gmail.com","pbkdf2:sha256:260000$DuNvll0576L2jYWg$fdb4bcdcf9681e7e9d73a713f95fa584d03c8f6792ec549c004adf2faa2e5b26","Amy","Fowler","Gill, Farmer and Black"
"17","kgomez@gmail.com","pbkdf2:sha256:260000$mW0vK2mMvffuMfP0$0398b164911451ce6a23d92e63f94fce294507fe919abe91a02795a4221ee5fb","Tammy","Reilly","Ward-Herring"
"18","thomaspeters@hotmail.com","pbkdf2:sha256:260000$sO46Rw6UHZvYUvNN$4e370302e32bed4f1dedc0a816f9c8737ffbc32313c1effe58d1d8ab53200bc5","Robin","Harris","Short-Sanders"
"19","susan06@yahoo.com","pbkdf2:sha256:260000$30RpHObdiwPjeoxt$c2a2289f85e191353e240b69b384fbdfa6cbe1e59ca4a3836b85dd5ace45507a","Jared","Vaughn","Smith-Hampton"
"20","william86@gmail.com","pbkdf2:sha256:260000$zL8wXoDuwtjZF4gR$e6a9d03ea82d1967c15b1b0c1032c6de2ed1149d36718d5266c6be07823213e4","Lauren","Mcdaniel","Thomas, Thompson and Mccall"
"21","michaelanderson@hotmail.com","pbkdf2:sha256:260000$864tzvyxl5eh4wbP$1f90aa251c3e29244dedc4efac078578060ba13874e09aef615e550100202f5a","Brian","Richardson","Hopkins, Church and Reynolds"
"22","deleonwilliam@gmail.com","pbkdf2:sha256:260000$ZjliIxruYVlMLSGT$d2c2ab06fc9525b2582ecad747be1ce3eddb985f82070bca9514441f373205f2","Maria","Harris","Jordan Group"
"23","joshua07@yahoo.com","pbkdf2:sha256:260000$2Ln8veHXX4mVK8su$4efeb623fffd28e944942a15b9dfdefaa20d176131d193c7a8a861da4044d049","Heather","Davis","Ortiz, Guerrero and Kim"
"24","leonardsutton@gmail.com","pbkdf2:sha256:260000$R0olOJ2wLnuDB9hd$e7dfc496b58337cd23d61d7c1c1f197eb98d1549f24c0e0ba5c22f64d6b4c3e8","Patrick","Spears","Jones PLC"
"25","hromero@hotmail.com","pbkdf2:sha256:260000$EnjiBr5YxdHp3iak$4c695247193490ff45f950372328f43643426725eedeb429d45de8e997871a1c","Debra","Aguilar","Macdonald-Perez"
"26","angela30@gmail.com","pbkdf2:sha256:260000$bAyFGAqh5Ztygr62$91be85005a3acd069f7f2477261941b5dda4a4971edd60a34b196c6cba91c96d","Cody","Crawford","Hicks Group"
"27","ygraham@hotmail.com","pbkdf2:sha256:260000$W8JUs2uwBEibXGLJ$fe2c9153971346a8c1999b665d5d492e034e3969f02fff88d3eb9839b485cb67","Cynthia","Faulkner","Ramos Ltd"
"28","millerlori@yahoo.com","pbkdf2:sha256:260000$xZ9zVWlg5Aoczeqc$2f21bec5b014b1c4c9ca4a495da6218591de470e8dab654c8cba76d45a05444c","Kelly","Casey","Lawson-Walls"
"29","pmartinez@yahoo.com","pbkdf2:sha256:260000$nmqboxtRvwd6Cuqp$4c3b6e19fd2d6a42faeb03e1d662758927f9a3a17a4bccde584944caab340520","Thomas","Patel","Miller Inc"
"30","stafforderic@gmail.com","pbkdf2:sha256:260000$9126kf1AV1NFDZ3y$43820053f457c3b5e343ad6431ecfffefb81e2ca90ad97f887199c7229fad412","Johnny","Martinez","Reynolds-Terry"
"31","smithsabrina@gmail.com","pbkdf2:sha256:260000$tex54CcCTwb9hH5M$f655055591e28326657eb6deb2fe695cfe4ce6de59079b440c371ee5376304e3","David","Turner","Gill Inc"
"32","rmiranda@hotmail.com","pbkdf2:sha256:260000$ulx66ggKcMnrAanG$9f058e5e4ff94ffad9e37baacaccb84bf693cf2e2687dbe3eb8c055dbc25361b","Evelyn","Hendricks","Long Group"
"33","millersamuel@yahoo.com","pbkdf2:sha256:260000$2WRf6fklwqtgMDEM$e3efddc02e758d80e680fe279a4f7fc722501fc089556514d195f71e84381d43","Paula","Walter","Ayala, Roberson and Francis"
"34","cherylstewart@yahoo.com","pbkdf2:sha256:260000$EgelezC7x70OmuEQ$a726e5ed40f426500871f405579625f14f673084af30a06ef63ef903e09ab350","Derrick","Webb","Simmons, Jones and Robinson"
"35","santanajimmy@gmail.com","pbkdf2:sha256:260000$H3vMwTH2KaFi4Hlw$e3faef1b0566b54e96e3e75fd6d28c9a8aae5bbed7d4932f86a6277e51078f13","Patrick","Graves","Thomas, Jordan and Young"
"36","stephenbeck@yahoo.com","pbkdf2:sha256:260000$iESafqQOnQbCwZ72$336b8b76cb07e075c1ff5b458664c34bdfed0af6ce095cd0669a0feaab3813ba","Leah","Bell","Collins, Cabrera and Berg"
"37","palmercassandra@hotmail.com","pbkdf2:sha256:260000$dCQxr0LMj2JHbKxy$d000f5fe1e24c81bcb14c4ad64cf6a49f2dc72d7ee0b8838e5b5a6d546411d7c","Dalton","Fritz","Zimmerman, Garcia and Henry"
"38","alisongreer@yahoo.com","pbkdf2:sha256:260000$V7biDQkzJlGXXsMv$9844408326eed260dd97fc730c03a40e38cb71b3044b0a4ac2ef8ce24edae943","Madeline","Stevenson","Oliver, Burke and Hancock"
"39","jasondavis@hotmail.com","pbkdf2:sha256:260000$9bEVoUTnBr5ozqpB$e405272597d11c4a597ba6ccd143c4506d658d2f2d7ca26414ed372a323de9e9","Valerie","Charles","Hernandez, Armstrong and Baker"
"40","markchan@gmail.com","pbkdf2:sha256:260000$oo05dtCise9SmPq1$3b47304c108d3bb8c798e55030b12995511c8419f96776c71784e803299a1561","James","Scott","Lewis, Flores and Baxter"
"41","castroallen@gmail.com","pbkdf2:sha256:260000$DSjWlE7DzBf0zEUQ$a28bb44c0449e90ca77874b4b963109b57d27e9375f9f992ab739805f5446979","Jennifer","Garcia","Howard Ltd"
"42","caleb01@yahoo.com","pbkdf2:sha256:260000$WRgtyzblMkvnndDa$ea1b10223e18db59eff3c9b2188a5cea454421dc8c66b9de0d8c7a01c567daa8","Keith","Jones","Mccoy Group"
"43","guerrerothomas@hotmail.com","pbkdf2:sha256:260000$6VPOXlwg9Zki27Zz$37630d89798a99c2907094208c64b11418244856ad6ec35bc955621f7b53ead2","Lori","Moore","Harrington-Dominguez"
"44","allison58@hotmail.com","pbkdf2:sha256:260000$2yKavLiDHAzTEFuA$54f20a6998c2df42c90392fe9d87fc057408e06a0cc667c9a9515a72542d545d","Ariel","Freeman","Myers-Willis"
"45","jeremy24@yahoo.com","pbkdf2:sha256:260000$VHVd7LkvelQsULMm$513749565d65bc5c4d72c909267ce2ca52fe9f0ee35e2cb94ebc721e39bd7e30","Randy","Bernard","Stout-Allen"
"46","johnny46@hotmail.com","pbkdf2:sha256:260000$mWHdWM5qxZh1V3ZB$6e87293b424782434a69ba5319506d870542e03b7ce62a4f50861ef98ed4ea9f","Timothy","Kerr","Wilson, Jimenez and Savage"
"47","james07@yahoo.com","pbkdf2:sha256:260000$XvdrSs3tOUCnfFnJ$332d84fde7b248c60765c464f9a203dc3e9e1763a442dbf4591bd4a63ae8d333","William","Crawford","Pineda-Palmer"
"48","marquezpaula@hotmail.com","pbkdf2:sha256:260000$by8XQ2vzsx8jJ1ao$9e9fcb173b424409f69992b45f8b4c26b9f268eec5d83b86ebfe7cc9284cfa47","Jonathan","Davis","Williams, Fuller and Hart"
"49","josephmason@hotmail.com","pbkdf2:sha256:260000$gL92I3fwhWbaUNab$2a464b259bce634e5d67c2b90347a2cdf468ebff76d3e4dfcf2fb7a87a4b465e","Kathryn","Noble","Garner-Myers"
"50","richard56@yahoo.com","pbkdf2:sha256:260000$YaX0Ozbadt9PTHrm$c84a2e08f995b2e52e631541696b4972d17c7439c8aedf75bfb833dc418c232e","Daniel","Cortez","Gonzales-Rodriguez"
"51","fosterbryan@yahoo.com","pbkdf2:sha256:260000$h6uZFHWwww2UsHIW$ca5352b15802d15a53cb9b1a2094bfb288a076ec5ce5ea40a0ed26974c8a1b5b","Kenneth","Boyd","Pittman Ltd"
"52","anthonyvincent@yahoo.com","pbkdf2:sha256:260000$joxfU1Gbf4cvnilO$10717641cbe68b2d13321fce4a75646fa92845184bbd1c609312b1fda4fdc5e1","Renee","Moore","Howe-Lawrence"
"53","sawyersamuel@yahoo.com","pbkdf2:sha256:260000$JeJ0xORxRsBi2nYL$d5534b8a21c6a9c42128f74133bbefcb126924f75d87d360d2f07550c262cc3a","Alyssa","Farley","King, Kerr and Brady"
"54","gstone@yahoo.com","pbkdf2:sha256:260000$SEzKKw8DPgGW3sEC$969cfa3662cf64a5e460b9cc7bd4cfaffcd000aea952d639e4329fb728fe38b6","Alexis","Williams","Snyder Inc"
"55","kevinflores@gmail.com","pbkdf2:sha256:260000$iDyXjeYbML1KfAxS$be9b77a8cb4f97fb2513dbe425477d3503c3c7cdfebf2c80ecaf214130905be1","Jasmine","Castro","Johnson, Vasquez and Mccann"
"56","gordon43@hotmail.com","pbkdf2:sha256:260000$PCEuS2gIqyYnJrit$777cc5eec30f2f72fd94012ad0bb9bdd46989bd5de1fa1800b30feda8131156f","Joseph","Williams","Clarke, Payne and Scott"
"57","kennethwashington@gmail.com","pbkdf2:sha256:260000$EPmqmJocwaV2QDgA$36d6a7681f48a66d5620337797913c72ec21e143ba514bc33f1e7c45d0920a48","Jennifer","Marsh","Woods and Sons"
"58","hamiltonchristopher@gmail.com","pbkdf2:sha256:260000$2EhdG8IqFOR9veNv$1c03b87d6ce2a52172395d20d0f9cd38495d492bfb4075fac1c3a0e35495aa6e","Anne","Michael","George, Lopez and Peterson"
"59","nsmith@hotmail.com","pbkdf2:sha256:260000$KciKYMfPCF2Ih5Dy$bd01296c883b008215d2bc796c6beea8183785af05ba7f10f7c36c99617f9c46","Joshua","Duke","Maynard-Molina"
"60","jennaarnold@yahoo.com","pbkdf2:sha256:260000$szBHTutOovCZvQn6$06c254058a0216cd96a14ac0357eff39db3bd689fa83cbd4c8b6eb2eaa58d969","Susan","Turner","Boyd, Martinez and Evans"
"61","scottzimmerman@hotmail.com","pbkdf2:sha256:260000$rJvapP6AZZM6K7ae$9d273452a24c28a806ff41e6fe7e39fc010a115f39fbca6401b1a8010a613d71","Julie","Dominguez","Davis-Noble"
"62","bonnie89@gmail.com","pbkdf2:sha256:260000$152xLK3aI5Wbvs8R$8f0da5e74ab838cf84bd72475e83052563264bcdc41b65e7a29ec43a77d718e3","Dwayne","Osborne","Williams-Mata"
"63","cindy30@gmail.com","pbkdf2:sha256:260000$r7xlWzxdjmo70GBN$eaa35e3f56a3ad1db039c57bd87b3f33b21be4c158d6a73e38613ce67ad1fd35","Antonio","Thompson","Scott-Baker"
"64","qhenderson@gmail.com","pbkdf2:sha256:260000$ApXzJhElIAiPXLJy$11ee4c121459945f419f0481d6f9eae2494dba6fc26250b26a5579b0286cd855","Yolanda","King","Anderson-King"
"65","nancyturner@hotmail.com","pbkdf2:sha256:260000$WMAO2xeIA4jUjbSZ$5385674051f4cc654ca69fa747fca63d55d9f9e98cb2cf5e0b23ec4e62e677a8","Richard","Woodward","Cooper, Ramsey and Gamble"
"66","bradley51@hotmail.com","pbkdf2:sha256:260000$GceIEat6FQxuTCrJ$6f6299cb9f43e232e14fb13f30eef8bab0fc4ca3fdbcce1f053a4850350d519c","Jeremy","Costa","Castillo-Knox"
"67","matthewpetersen@hotmail.com","pbkdf2:sha256:260000$7aEN0HOnNyAo8e9F$f439b88dab916de51fe7d12f94e2d60ed6c45bd6daf00db27f1fcaac6e9e12c0","Robert","Dunn","Fox, Garcia and Berry"
"68","uhill@hotmail.com","pbkdf2:sha256:260000$TJlD2jh1SiI2qnNp$831f424026baca28915753a49ca8cdb4ed8c5e1c973e625c9faf5616ec1d9a87","Tonya","Andersen","Hamilton, Carter and James"
"69","lisa79@yahoo.com","pbkdf2:sha256:260000$gtziSnjIb9gJrDfY$f8e2943cb2e29cea70b2d069f998bf65746dfdd228a0ca806e920ac9ec4b63a8","Stephen","Bernard","Aguirre-Waller"
"70","richardsonjerry@yahoo.com","pbkdf2:sha256:260000$BOo77XWnXANKhzW8$79ef42e9f7d7713fb88a00e101c7741b09e511f4845ee8c14f107dad33f5d5be","Amanda","Gonzalez","Gamble-Petty"
"71","jmcmahon@gmail.com","pbkdf2:sha256:260000$cc1LLcm7diUlnxcx$cd01395c71613333c6a87a33cf4bbae37df16c44e7cec6480aab452cf1c90104","Jimmy","Walker","Gomez, Moore and Davis"
"72","wrightkaylee@hotmail.com","pbkdf2:sha256:260000$CMpuIlxGTMsi3VFS$bacceb7c9a4659be846fb7629b528b3c8e210c47a48625ea20be09437dafc26c","Austin","Holland","Heath Ltd"
"73","danielbernard@gmail.com","pbkdf2:sha256:260000$pOL8pn6wFYK4lHbm$e034bcb219839b4336d526777fc00e8ec798db8922d4890b107f3b58c1808e92","Molly","Fuller","Harrison-Clark"
"74","wbrown@gmail.com","pbkdf2:sha256:260000$VL4U0Ws6K1J5UFpR$b27d27d4467c970f1a848538dd2a304f1f912a529eb49590299d2948352aff88","Doris","Kaiser","Ortiz PLC"
"75","ofernandez@yahoo.com","pbkdf2:sha256:260000$q5kxPPbIQncJvrcZ$4f5735251ac5283ba0db10acb756333213a535c433c76ef382031d6a87c5435f","Tyler","Curtis","Harris, Mcdonald and Garcia"
"76","conradthomas@yahoo.com","pbkdf2:sha256:260000$0YM6QqxW3SmRb2xc$a471e3aa8d70706f3788e084c5f9d1d35770063456af69c68ce8df96256f108d","Angela","Tucker","Galvan Ltd"
"77","savannahsoto@hotmail.com","pbkdf2:sha256:260000$hpALrumT4V2U9F9Q$96fc411a362e401c75830aa3dcae34c4101d3b849460dede826b140bb374610a","Robert","Gould","Walton, Li and Morgan"
"78","debra49@yahoo.com","pbkdf2:sha256:260000$DawshoqUKBzl1PP9$8282e628408453b3741e17dea9e9a5840b6092583ce9913858b714c271e16709","Cody","Morris","Wilson-Clark"
"79","edward63@gmail.com","pbkdf2:sha256:260000$ym3DdbpWfMWXuqVJ$89efbb1d4f364b63bc30ccce3836ecbf109a867e881544a5cc599611bce3ed2a","Valerie","Jacobs","Lucas, Mooney and Reed"
"80","deborah77@gmail.com","pbkdf2:sha256:260000$jxiluEcphy4Fe85X$f2f06c696b8855ac8de5cde6e34083a5b2dff16e309806d73febf818788c8c75","Deanna","Holt","Clark, James and Martin"
"81","opoole@hotmail.com","pbkdf2:sha256:260000$r9cQ4eypIcH8LGku$c72ad50289d3a27fbf28af126b6550c66541e7fa32db458bd2b581f2c411411c","Larry","Palmer","Mitchell, Weaver and Kramer"
"82","dwells@hotmail.com","pbkdf2:sha256:260000$DRNC4EKsnQv1qoOu$323ba179cce9c8ee72d9b52538a6eeb6bc7bbbd2d31f2d86878f52f983d3c0ab","Kristina","Higgins","Leblanc-Bradley"
"83","qstephenson@hotmail.com","pbkdf2:sha256:260000$JVrn4Iw5pVTF8MnM$14a46d2293e2994357ffe95ee95a222660814932266d531500fe6e158bd40ccd","Shawn","Matthews","Campbell Inc"
"84","jeffreysmith@gmail.com","pbkdf2:sha256:260000$1vjpHz4M49I7jXVh$5bd32a83921c70d1c47208d9d2f3ae06090eae03a691dfa85dfba4b4872e6866","Samantha","Parrish","Malone PLC"
"85","marydaniel@yahoo.com","pbkdf2:sha256:260000$hykYm90Gpg27u2Cv$6aa07bc4ac1e83d18280110f4861a8d55da3409ba8f8d1275ed399b3a1b26d77","Tonya","Jacobs","Roberts-Torres"
"86","jerrybrooks@hotmail.com","pbkdf2:sha256:260000$uyrYE2iasRk8QvMR$c7e2412660b0c262a73c64c199c60d0a84e5042f459ee8a5de154e719ded02ef","John","Beck","Horton, Miller and Woods"
"87","mcbridemary@gmail.com","pbkdf2:sha256:260000$oX1ruM2zxbwIr1gZ$5ff4ff28866449b8f5cc51b9fb2d60441af6151d380ce98f870f2d157d3901a8","Laurie","Underwood","Mckay, Green and Anderson"
"88","ycolon@yahoo.com","pbkdf2:sha256:260000$B4KQb7EkCAwfSYSI$3a20c3c13496487c50cdb68ea47cc81540b8133c8c60ae9bcf603eb4b799d193","Linda","Orozco","Woods, Griffin and Lee"
"89","michael74@yahoo.com","pbkdf2:sha256:260000$D97vX4XtxNsPbll2$16f7cb7e1a7fad6f0a18245ce3bcf184b519339ca9299b4e2a744d277d1196fc","Kimberly","Park","Huerta, Hernandez and Hudson"
"90","dillonwest@yahoo.com","pbkdf2:sha256:260000$ieMnFknfjGU9cOxc$bbf5ef5163936adb53b658c850897d4b0ce32dba345a8d4b3de1bc93cbeeb503","Cynthia","Lyons","Miller-Reid"
"91","sarabender@hotmail.com","pbkdf2:sha256:260000$5CtSz5PmGsyUVE7A$e3eb08493ea7b16808641b95f5a9ba020b5991f5b4b0a6726a09edfe9195eaa5","Daniel","Hall","Baker Ltd"
"92","jeremy83@hotmail.com","pbkdf2:sha256:260000$M0xhKSngrcDRFgdE$fc0a84d21a9f3eee65e9b6df8269ff0c87c9de80520d29644711bc11b9f097c9","Spencer","Duncan","Wilson, Brown and Williams"
"93","jonathan73@yahoo.com","pbkdf2:sha256:260000$IdKelnwr637NVPCr$5184cf115c9ad68b27cf6e799cf910c1a96749c8503b335cb517c0aa53a87fb4","Cheryl","Acosta","Hamilton-Lara"
"94","alexandramitchell@gmail.com","pbkdf2:sha256:260000$obmrTs65HwrBJeG5$bb33499a92a5d7b3ea9b0860f83761395328e4b8b74b0ee6ecea412ff0d34e3a","Matthew","DDS","Kim, Bryant and Faulkner"
"95","mathew17@hotmail.com","pbkdf2:sha256:260000$b88x4GUdpp27fRHO$4efa795415e652cc39c6f847cbccbf7ff8ebbce5565944020d8cc13ab38eca5c","Angela","Peterson","Robertson, Davis and Harmon"
"96","pgriffin@yahoo.com","pbkdf2:sha256:260000$6t973AqIfVe8o0dd$dc4b12fce6517d5f4ea65c0a44834fcc6ee06f2d8596594406835a93185b7959","Adrienne","Friedman","Shepard and Sons"
"97","kennethwilliams@gmail.com","pbkdf2:sha256:260000$QR078VO5ryctPJ6L$8c77c791142bc4a8a95a10495ba61d6ee185ea0ea0430f66a7e2dc6234339120","Donald","Thompson","Collins, Kennedy and Edwards"
"98","shawnharris@gmail.com","pbkdf2:sha256:260000$2uz5ghf3YGqaSsbu$fc8d6867041294e94a7031b884bb759fe1383720d3f1aebc1856a2c4c7e7cd73","Bryan","Scott","Short-Moss"
"99","danieltucker@hotmail.com","pbkdf2:sha256:260000$pwGNCsVv4iFTXCAv$df9c3d87ef3b311ac80869f5e85304a4e2937f71ffeec9cf37a027994f636134","Jessica","Miller","Simmons, Marquez and Dunlap"
